{
  "inceptionv3": {
    "model_name": "InceptionV3",
    "best_val_acc": 0.8906515580736544,
    "epochs_trained": 5,
    "train_losses": [
      6.033800274481569,
      3.4636211914774973,
      2.4322906540061715,
      1.9126051017282537,
      1.7247875942794266
    ],
    "val_losses": [
      1.7572093270719051,
      2.0081589833966325,
      0.8884331440286977,
      0.44161672996623175,
      0.6531265407268491
    ],
    "train_accs": [
      0.640807392996109,
      0.6799610894941635,
      0.7272616731517509,
      0.7769941634241245,
      0.8025291828793775
    ],
    "val_accs": [
      0.8186968838526912,
      0.8073654390934845,
      0.803399433427762,
      0.8906515580736544,
      0.8906515580736544
    ],
    "test_metrics": {
      "accuracy": 0.8823529411764706,
      "precision": 0.9067796610169492,
      "recall": 0.8511363636363637,
      "f1_score": 0.8780773739742087,
      "roc_auc": 0.9586506961506961
    }
  }
}